{
  "assetsByChunkName": {
    "vendors~app-account~app-confirmation~app-order": "chunk.9ec303ba7a4cfdd901fa.js",
    "vendors~app-account~app-checkout": "chunk.7cb89c824283d5cf334d.js",
    "vendors~app-cart~app-checkout": "chunk.4ec725bccb84fc428fab.js",
    "admin": [
      "admin.ffcf5c829e64f0d9d735.js",
      "admin.ffcf5c829e64f0d9d735.js.map"
    ],
    "app-account": "chunk.11e5d49fd5d0df86f877.js",
    "app-confirmation": "chunk.2385b05758853ff8f128.js",
    "app-order": "chunk.5100292c05daa039b5e4.js",
    "checkout": [
      "checkout.89de064c03cff6eab9a5.js",
      "checkout.89de064c03cff6eab9a5.js.map"
    ],
    "storefront": [
      "storefront.ee0913e6fc65a80cbf2b.css",
      "storefront.c576841a1bd77bce8572.js",
      "storefront.ee0913e6fc65a80cbf2b.css.map",
      "storefront.c576841a1bd77bce8572.js.map"
    ],
    "vendors~app-cart": "chunk.70da8f10564e0b786a39.js",
    "vendors~app-checkout": "chunk.34c7bd6bc5bd13c7c0db.js"
  }
}